numberOfProcesses,numberOfStocks,numberOfDays,numberOfRows,elapsedTimes
1,10,30,300,0.9474672973155975
1,50,90,4500,3.273152232170105
1,100,180,18000,6.807278215885162
1,200,365,73000,14.379980430006981
1,400,730,292000,33.064787194132805
