numberOfStocks,numberOfDays,numberOfRows,serialElapsedTimes,parallelElapsedTimes,numberOfProcesses
10,30,210,1.0323338508605957,1.1365420818328857,1
50,90,3050,4.789479494094849,4.6907689571380615,1
100,180,12152,9.85385775566101,10.1585111618042,1
200,365,49698,22.062878608703613,20.812226057052612,1
400,730,199341,46.538748025894165,46.59010291099548,1
